ID,Event Name,Event location,"Date (Month Day, Year ""January 17, 2021"")",Submission deadline,Notification deadline,Notes:,Notes,"This appears to be a call to a journal, not to a conference",Notes ,Date
120,Int'l Conf on Wireless Networks,"Las Vegas, USA","July 27, 2015","May 31, 2015","June 14, 2015"
121,Int'l Conf on Wireless Network,"Las Vegas, USA","July 27, 2015","March 31, 2015","April 24, 2015"
122,Int'l Conf on e-Learning,"Las Vegas, USA","July 27, 2015","March 31, 2015","April 24, 2015"
123,Int'l Conf. on AI + Deep Learning,"Las Vegas, USA","July 29, 2019","June 20, 2019","June 27, 2019"
124,Int'l Conf. on AI + Deep Learning,"Las Vegas, USA","July 29, 2019","June 20, 2019","June 27, 2019"
125,Int'l Conf. on Health Informatics and Medical Systems,"Las Vegas, USA","July 27, 2015","March 31, 2015","April 24, 2015"
126,"Int'l Conf. on Image Processing, Computer Vision, & Pattern Recognition","Las Vegas, USA","July 27, 2015","April 15, 2015","April 30, 2015"
127,"Int'l Conf. on Image Processing, Computer Vision, and Pattern Recognition","Las Vegas, USA","July 27, 2015","March 31, 2015","April 24, 2015"
128,Int'l Conf. on Parallel and Distributed Processing Techniques & Applications,"Las Vegas, USA","July 27, 2015","April 15, 2015","April 30, 2015"
129,Joint International Conference,"Bangkok, Thailand","May 3, 2014","March 28, 2014","April 5, 2014"
130,International Conference on Artificial Intelligence,"Las Vegas, USA","July 27, 2015","March 31, 2015","April 24, 2015"
131,International Conference on Artificial Intelligence,"Las Vegas, USA","July 27, 2015","March 31, 2015","April 24, 2015"
132,International Conference on Artificial Intelligence,"Las Vegas, USA","July 27, 2015","March 31, 2015","April 24, 2015"
133,International Conference on Health Informatics & Medical Systems,"Las Vegas, USA","July 27, 2015","April 15, 2015","April 30, 2015"
136,"Security, IoT, Cloud, CPS Int'l Conferences","Las Vegas, USA","July 29, 2019","June 20, 2019","June 27, 2019"
139,"The 2015 World Congress in Computer Science, Computer Engineering, and Applied Computing","Las Vegas, USA","July 27, 2015","April 15, 2015","April 30, 2015"
180,FECS'14,"Las Vegas, USA","July 21, 2014","April 19, 2014","May 10, 2014"
181,ICAI'14,"Las Vegas, USA","July 21, 2014","April 19, 2014","May 10, 2014"
182,ICWN'14,"Las Vegas, USA","July 21, 2014","April 19, 2014","May 10, 2014"
183,PDPTA'14,"Las Vegas, USA","July 21, 2014","April 19, 2014","May 10, 2014"
184,SAM'14,"Las Vegas, USA","July 21, 2014","April 19, 2014","May 10, 2014"
185,SAM'14,"Las Vegas, USA","July 21, 2014","April 19, 2014","May 10, 2014"
186,IPCV'14,"Las Vegas, USA","July 21, 2014","April 19, 2014","May 10, 2014"
187,SERP'14,"Las Vegas, USA","July 21, 2014","April 19, 2014","May 10, 2014"
188,"The 2014 World Congress in Computer Science, Computer Engineering, and Applied Computing","Las Vegas, USA","July 21, 2014","April 19, 2014","May 10, 2014"
189,ABDA'14,"Las Vegas, USA","July 21, 2014","March 15, 2014","April 15, 2014"
190,CSC'14,"Las Vegas, USA","July 21, 2014","March 15, 2014","April 15, 2014"
191,FECS'14,"Las Vegas, USA","July 21, 2014","March 15, 2014","April 15, 2014"
192,IKE'14,"Las Vegas, USA","July 21, 2014","March 15, 2014","April 15, 2014"
193,ABDA'14,"Las Vegas, USA","July 21, 2014","March 15, 2014","April 15, 2014"
194,BIOCOMP'14,"Las Vegas, USA","July 21, 2014","March 15, 2014","April 15, 2014"
195,FECS'14,"Las Vegas, USA","July 21, 2014","March 15, 2014","April 15, 2014"
196,IKE'14,"Las Vegas, USA","July 21, 2014","March 15, 2014","April 15, 2014"
197,CSC'14,"Las Vegas, USA","July 21, 2014","March 15, 2014","April 15, 2014"
198,SERP'14,"Las Vegas, USA","July 21, 2014","March 15, 2014","April 15, 2014"
199,SERP'14,"Las Vegas, USA","July 21, 2014","March 15, 2014","April 15, 2014"
340,8th International Conference on Software Engineering and Applications,"Vienna, Austria","August 24, 2019","July 27, 2019","August 10, 2019"
350,"The Second International Conference on Cyber Security, Cyber Peacefare and Digital Forensic","Kuala Lumpur, Malaysia","March 4, 2013","Feb. 10, 2013","Feb. 15, 2013"
355,The Third International Conference on Digital Information Processing and Communications,"Dubai, UAE","January 30, 2013","January 1, 2013","January 10, 2013"
357,ICEND2014,"Beirut, Lebanon","April 30, 2014","March 30, 2014","April 15, 2014"
358,The Fourth International Conference on Digital Information processing and Communications,"Kuala Lumpur, Malaysia","March 18, 2014","Februrary 18, 2014","March 04, 2014"
401,2019 IEEE International Conference on Big Data (IEEE BigData 2019),"Los Angeles, California, USA","December 10, 2019","August 19, 2019","October 16, 2019"
406,The 14th IEEE International Conference on Machine Learning And Applications (IEEE ICMLA 2015),"Miami, USA","December 9, 2015","July 6, 2015","September 9, 2015"
414,Joint International Conference,"Kuala Lumpur, Malaysia","August 2, 2014","April 22, 2014","May 5, 2014"
200,ICWN'14,"Las Vegas, USA","July 21, 2014","March 15, 2014","April 15, 2014"
201,ICWN'14,"Las Vegas, USA","July 21, 2014","March 15, 2014","April 15, 2014"
203,The International Conference on E-Technologies and Business on the Web,"Bangkok, Thailand","May 7, 2013","March 20, 2013","April 20, 2013"
205,FECS'13,"Las Vegas, USA","July 22, 2013","March 18, 2013","April 18, 2013"
206,IKE'13,"Las Vegas, USA","July 22, 2013","March 18, 2013","April 18, 2013"
207,WCIT2014,"Kuala Lumpur, Malaysia","March 18, 2014","February 18, 2014","March 04, 2014"
208,The 15th International Conference on Frontiers in Education,"Las Vegas, USA","July 29, 2019","June 20, 2019","June 27, 2019"
210,"The 2019 World Congress in Computer Science, Computer Engineering, and Applied Computing","Las Vegas, USA","July 29, 2019","June 20, 2019","June 27, 2019"
211,"The 2015 World Congress in Computer Science, Computer Engineering, and Applied Computing","Las Vegas, USA","July 27, 2017","March 31, 2015","April 24, 2015"
212,"The International Conference on Digital Information Networking, and Wireless Communications ","Ostrava, Czech Republic","June 24, 2014","May 25, 2014","June 05, 2014"
213,The 2014 International Conference on Advances in Big Data Analytics,"Las Vegas, USA","July 21, 2014","June 4, 2014","June 14, 2014"
214,ICAI'14,"Las Vegas, USA","July 21, 2014","June 4, 2014","June 14, 2014"
215,BIOCOMP'14,"Las Vegas, USA","July 21, 2014","June 4, 2014","June 14, 2014"
216,FECS'14,"Las Vegas, USA","July 21, 2014","June 4, 2014","June 14, 2014"
217,IPCV'14,"Las Vegas, USA","July 21, 2014","June 4, 2014","June 14, 2014"
218,ICOMP'14,"Las Vegas, USA","July 21, 2014","June 4, 2014","June 14, 2014"
219,PDPTA'14,"Las Vegas, USA","July 21, 2014","June 4, 2014","June 14, 2014"
220,SERP'14,"Las Vegas, California, USA",2014-07-21 00:00:00,2014-06-04 00:00:00,2014-06-14 00:00:00
221,ICWN'14,"Las Vegas, California, USA",2014-07-21 00:00:00,2014-06-04 00:00:00,2014-06-14 00:00:00
222,EEE'14,"Las Vegas, California, USA",2014-07-21 00:00:00,2014-06-04 00:00:00,2014-06-14 00:00:00
223,ABDA'14,"Las Vegas, California, USA",2014-07-21 00:00:00,2014-06-05 00:00:00,2014-06-14 00:00:00
224,DMIN'14,"Las Vegas, California, USA",2014-07-21 00:00:00,2014-06-05 00:00:00,2014-06-18 00:00:00
225,PDPTA'14,"Las Vegas, California, USA",2014-07-21 00:00:00,2014-06-05 00:00:00,2014-06-14 00:00:00
226,CSC'14,"Las Vegas, California, USA",2014-07-21 00:00:00,2014-06-05 00:00:00,2014-06-14 00:00:00
227,SAM'14,"Las Vegas, California, USA",2014-07-21 00:00:00,2014-06-05 00:00:00,2014-06-18 00:00:00
228,"The 2014 World Congress in Computer Science, Computer Engineering, and Applied Computing","Las Vegas, California, USA",2014-07-21 00:00:00,2014-06-05 00:00:00,2014-06-14 00:00:00
229,"The 2014 World Congress in Computer Science, Computer Engineering, and Applied Computing","Las Vegas, California, USA",2014-07-21 00:00:00,2014-06-05 00:00:00,2014-06-14 00:00:00
233,"CSCI-ISCW: Int'l Symp. on CYBER WARFARE, CYBER DEFENSE, & CYBER SECURITY","Las Vegas, California, USA",2019-12-05 00:00:00,2019-10-06 00:00:00,2019-10-18 00:00:00
234,ABDA'15,"Las Vegas, California, USA",2015-07-27 00:00:00,2015-03-31 00:00:00,2015-04-24 00:00:00
235,BIOCOMP'15,"Las Vegas, California, USA",2015-07-27 00:00:00,2015-03-31 00:00:00,2015-04-24 00:00:00
236,International Conference on Health Informatics and Medical Systems,"Las Vegas, California, USA",2015-07-27 00:00:00,2015-03-31 00:00:00,2015-04-24 00:00:00
237,ICOMP'15,"Las Vegas, California, USA",2015-07-27 00:00:00,2015-03-31 00:00:00,2015-04-24 00:00:00
238,ICAI'15,"Las Vegas, California, USA",2015-07-27 00:00:00,2015-03-31 00:00:00,2015-04-24 00:00:00
239,BIOENG,"Las Vegas, California, USA",2015-07-27 00:00:00,2015-03-31 00:00:00,2015-04-24 00:00:00
240,SAM'15,"Las Vegas, USA",2015-07-27 00:00:00,2015-03-31 00:00:00,2015-04-24 00:00:00
241, ICAI'15,"Las Vegas, USA",2015-07-27 00:00:00,2015-03-31 00:00:00,2015-04-24 00:00:00
242,International Conference on Health Informatics and Medical Systems,"Las Vegas, USA",2015-07-27 00:00:00,2015-03-31 00:00:00,2015-04-24 00:00:00
243,PDPTA'15,"Las Vegas, USA",2015-07-27 00:00:00,2015-03-31 00:00:00,2015-04-24 00:00:00
244,"5th Automata, Theory and Applications Workshop","Las Vegas, USA",2013-07-22 00:00:00,2013-03-25 00:00:00,2013-04-23 00:00:00
245,BIOCOMP'13,"Las Vegas, USA",2013-07-22 00:00:00,2013-03-18 00:00:00,2013-04-18 00:00:00
246, ICAI'13,"Las Vegas, USA",2013-07-22 00:00:00,2013-04-20 00:00:00,2013-05-11 00:00:00
247,BIOCOMP'13,"Las Vegas, USA",2013-07-22 00:00:00,2013-04-20 00:00:00,2013-05-11 00:00:00
248,"The 2013 International Conference on Image Processing, Computer Vision, and Pattern Recognition","Las Vegas, USA",2013-07-22 00:00:00,2013-04-20 00:00:00,2013-05-11 00:00:00
249,The 2013 International Conference on Internet Computing and BIG DATA,"Las Vegas, USA",2013-07-22 00:00:00,2013-04-20 00:00:00,2013-05-11 00:00:00
250,PDPTA'13,"Las Vegas, USA",2013-07-22 00:00:00,2013-04-20 00:00:00,2013-05-11 00:00:00
251,ICWN'13,"Las Vegas, USA",2013-07-22 00:00:00,2013-04-20 00:00:00,2013-05-11 00:00:00
252,"The 2013 World Congress in Computer Science, Computer Engineering, and Applied Computing","Las Vegas, USA",2013-07-22 00:00:00,2013-04-20 00:00:00,2013-05-11 00:00:00
253,ICAI'14,"Las Vegas, USA",2014-07-21 00:00:00,2014-06-04 00:00:00,2014-06-14 00:00:00
254,IPCV'14,"Las Vegas, USA",2014-07-21 00:00:00,2014-06-04 00:00:00,2014-06-14 00:00:00
255,ICWN'14,"Las Vegas, USA",2014-07-21 00:00:00,2014-06-04 00:00:00,2014-06-14 00:00:00
256,The 2015 International Conference on Security and Management,"Las Vegas, USA",2015-07-27 00:00:00,2015-03-31 00:00:00,2015-04-24 00:00:00
257, ICWN'15,"Las Vegas, USA",2015-07-27 00:00:00,2015-03-31 00:00:00,2015-04-24 00:00:00
258,"The 2015 World Congress in Computer Science, Computer Engineering, and Applied Computing","Las Vegas, USA",2015-07-27 00:00:00,2015-03-31 00:00:00,2015-04-24 00:00:00
259,The 2013 International Conference on Security and Management,"Las Vegas, USA",2013-07-22 00:00:00,2013-04-20 00:00:00,2013-05-11 00:00:00
260,The 2013 International Conference on Software Engineering Research and Practice,"Las Vegas, USA",2013-07-22 00:00:00,2013-04-20 00:00:00,2013-05-11 00:00:00
261,The 2013 International Conference on Data Mining,"Las Vegas, USA",2013-07-22 00:00:00,2013-03-18 00:00:00,2013-04-18 00:00:00
262,The 2013 International Conference on Genetic and Evolutionary Methods,"Las Vegas, USA",2013-07-22 00:00:00,2013-03-18 00:00:00,2013-04-18 00:00:00
263,The 2013 International Conference on Grid & Cloud Computing and Applications,"Las Vegas, USA",2013-07-22 00:00:00,2013-03-18 00:00:00,2013-04-18 00:00:00
264,"The 2013 International Conference on Modeling, Simulation and Visualization Methods","Las Vegas, USA",2013-07-22 00:00:00,2013-03-18 00:00:00,2013-04-18 00:00:00
265,The 2013 International Conference on Scientific Computing,"Las Vegas, USA",2013-07-22 00:00:00,2013-03-18 00:00:00,2013-04-18 00:00:00
266,The 2013 International Conference on Software Engineering Research and Practice,"Las Vegas, USA",2013-07-22 00:00:00,2013-03-18 00:00:00,2013-04-18 00:00:00
267,The 2013 International Conference on Software Engineering Research and Practice,"Las Vegas, USA",2013-07-22 00:00:00,2013-03-18 00:00:00,2013-04-18 00:00:00
268,The 2013 International Conference on Software Engineering Research and Practice,"Las Vegas, USA",2013-07-22 00:00:00,2013-03-18 00:00:00,2013-04-18 00:00:00
269,The 2013 International Conference on Wireless Networks,"Las Vegas, USA",2013-07-22 00:00:00,2013-03-18 00:00:00,2013-04-18 00:00:00
270,The 2013 International Conference on Wireless Networks,"Las Vegas, USA",2013-07-22 00:00:00,2013-03-18 00:00:00,2013-04-18 00:00:00
271,"The 2013 International Conference on e-Learning, e-Business, Enterprise Information Systems, and e-Government","Las Vegas, USA",2013-07-22 00:00:00,2013-03-18 00:00:00,2013-04-18 00:00:00
272,"The 2013 International Conference on e-Learning, e-Business, Enterprise Information Systems, and e-Government","Las Vegas, USA",2013-07-22 00:00:00,2013-03-18 00:00:00,2013-04-18 00:00:00
273,The 2013 International Conference on Artificial Intelligence,"Las Vegas, USA",2013-07-22 00:00:00,2013-04-06 00:00:00,2013-04-27 00:00:00
274,The 2013 International Conference on Data Mining,"Las Vegas, USA",2013-07-22 00:00:00,2013-03-18 00:00:00,2013-04-18 00:00:00
275,The 2013 International Conference on Frontiers in Education: Computer Science and Computer Engineering,"Las Vegas, USA",2013-07-22 00:00:00,2013-04-20 00:00:00,2013-05-11 00:00:00
276,The 2013 International Conference on Frontiers in Education: Computer Science and Computer Engineering,"Las Vegas, USA",2013-07-22 00:00:00,2013-03-18 00:00:00,2013-04-18 00:00:00
277,The 2013 International Conference on Frontiers in Education: Computer Science and Computer Engineering,"Las Vegas, USA",2013-07-22 00:00:00,2013-04-06 00:00:00,2013-04-27 00:00:00
278,"The 2013 International Conference on Image Processing, Computer Vision, and Pattern Recognition","Las Vegas, USA",2013-07-22 00:00:00,2013-04-06 00:00:00,2013-04-27 00:00:00
279,The 2013 International Conference on Software Engineering Research and Practice,"Las Vegas, USA",2013-07-22 00:00:00,2013-04-06 00:00:00,2013-04-27 00:00:00
21,5th International Conference on Education Science and Development (ICESD 2020) ,"Bangkok, Thailand",2020-01-06 00:00:00,2019-08-28 00:00:00,notif deadline says: 1 week after submitting manuscript
25,2015 International Conference on Intelligent Computing and Internet of Things (ICICIT 2015) ,Harbin,2015-01-17 00:00:00,2014-12-10 00:00:00,2014-12-20 00:00:00
26,19th IEEE International Symposium on Signal Processing and Information Technology (ISSPIT 2019).,Ajman,2019-12-10 00:00:00,2019-09-30 00:00:00,2019-10-30 00:00:00
27,The Third International Conference on Digital Information Processing and Communications(ICDIPC2013),"Dubai, UAE ",2013-01-30 00:00:00,2013-12-15 00:00:00,2013-01-01 00:00:00,It actually put 12/15/2013 under submission deadline
28,The Third International Conference on Digital Information Processing and Communications(ICDIPC2013),"Dubai, UAE ",2013-01-30 00:00:00,2013-12-15 00:00:00,2013-01-01 00:00:00,copy of email 27 sent later
29,The Third International Conference on Digital Information Processing and Communications(ICDIPC2013),"Dubai, UAE ",2013-01-30 00:00:00,2013-12-15 00:00:00,2013-01-01 00:00:00,copy of email 27 sent later
30,"The 2019 World Congress in Computer Science, Computer Engineering, and Applied Computing (CSCE'19: USA)","Las Vegas, USA",2019-07-29 00:00:00,2019-06-20 00:00:00,2019-06-27 00:00:00
31,The International Conference on E-Learning and E-Technologies in Education (ICEEE),"Lodz, Poland",2012-09-24 00:00:00,2012-08-10 00:00:00,2012-08-25 00:00:00
32,The International Conference on Informatics & Applications (ICIA2012),"Kuala Terengganu, Malaysia",2012-07-03 00:00:00,2012-04-05 00:00:00,2012-05-02 00:00:00
34,The Second International Conference on Digital Information and Communication Technology and its Applications (DICTAP2012),"Bangkok, Thailand",2012-05-16 00:00:00,2012-03-10 00:00:00,2012-04-01 00:00:00
35,The World Congress on E-commerce and Business on the Web (WCEBW2012),"London, United Kingdom",2012-08-27 00:00:00,2012-07-10 00:00:00,2012-08-10 00:00:00
36,The Second International Conference on Digital Information and Communication Technology and its Applications (DICTAP2012),"Bangkok, Thailand",2012-05-16 00:00:00,2012-03-10 00:00:00,2012-04-01 00:00:00,copy of email 34 sent later
37,The 10th IEEE Annual Computing and Communication Workshop and Conference (IEEE CCWC 2020),"Las Vegas, USA",2020-01-06 00:00:00,2020-10-31 00:00:00,2020-11-30 00:00:00
38,"The IEEE 10th Annual Ubiquitous Computing, Electronics & Mobile Communication Conference (IEEE UEMCON 2019)","New York, USA",2019-10-10 00:00:00,2019-08-07 00:00:00,2019-09-05 00:00:00
39,7th International Conference on Signal Processing and Integrated Networks (SPIN 2020),"Delhi/NCR, India",2020-02-27 00:00:00,2019-11-11 00:00:00,2019-12-09 00:00:00
367,CFP: ICIA2012,"University Sultan Zainal Abidin, Kuala Terengganu, Malaysia","June 3, 2012","April 15, 2012","April 30, 2012"
368,CFP - ICIA2012,"University Sultan Zainal Abidin, Kuala Terengganu, Malaysia","June 3, 2012","April 30, 2012","May 10, 2012"
369,EBW2013,"University of the Thai Chamber of Commerce, Bangkok, Thailand","May 7, 2013","March 30, 2013","April 20, 2013"
370,TAEECE 2013,"Mevlana University, Konya, Turkey ","May 9, 2013","March 28, 2013","April 20, 2013"
371,ICIEIS2014,"Lodz University of Technology, Lodz, Poland","September 22, 2014","August 25, 2014","September 05, 2014"
372,The Third International Conference on e-Technologies and Networks for Development (ICeND2014),"Lebanese University, Campus of Hadath, Beirut- Lebanon","April 29, 2014","March 15, 2014","April 15, 2014"
377,Computing Conference 2020,"London, UK","July 16, 2020","October 15, 2019","November 15, 2019"
378,Computing Conference 2020,"London, UK","July 16, 2020","October 15, 2019","November 15, 2019"
40,7th International Conference on Signal Processing and Integrated Networks,"Delhi/NCR, India",2020-02-27 00:00:00,2019-11-11 00:00:00,2019-12-09 00:00:00
41,7th International Conference on Signal Processing and Integrated Networks (SPIN 2020),"Noida- Delhi NCR, India",2020-02-27 00:00:00,2019-11-11 00:00:00,2019-12-09 00:00:00
42,7th International Conference on Signal Processing and Integrated Networks (SPIN 2020),"Noida- Delhi NCR, India",2020-02-27 00:00:00,2019-12-16 00:00:00,2019-12-26 00:00:00
43,The Fourth International Conference on Digital Information and Communication Technology and its Applications (DICTAP 2014),"Bangkok, Thailand",2014-05-06 00:00:00,2014-04-06 00:00:00,2014-04-15 00:00:00
46,The Second International Conference on Digital Enterprise and Information Systems (DEIS 2013),"Kuala Lumpur, Malaysia",2013-03-04 00:00:00,2012-12-15 00:00:00,2013-01-01 00:00:00
47,The Second International Conference on Digital Enterprise and Information Systems (DEIS 2013),"Kuala Lumpur, Malaysia",2013-03-04 00:00:00,2012-12-15 00:00:00,2013-01-01 00:00:00
49,The International Conference on E-Technologies and Business on the Web (EBW2013),"Bangkok, Thailand",2013-05-07 00:00:00,2013-03-20 00:00:00,2013-04-20 00:00:00
50,E-Technologies and Business on the Web (EBW2013),"Bangkok, Thailand",2013-05-07 00:00:00,2013-03-20 00:00:00,2013-04-20 00:00:00
51,The International Conference on Computing Technology and Information Management (ICCTIM2014),"Dubai, UAE",2014-04-10 00:00:00,2014-03-10 00:00:00,2014-03-20 00:00:00
55,"The International Conference on Computing, Networking and Digital Technologies(ICCNDT 2012)",Bahrain,2012-11-11 00:00:00,2012-09-25 00:00:00,2012-10-10 00:00:00
57,The 2019 International Conference on Computational Science and Computational Intelligence (CSCI),"Las Vegas, USA",2019-12-05 00:00:00,2019-10-06 00:00:00,2019-10-18 00:00:00
58,"The International Conference on Cyber Security, Cyber Warfare and Digital Forensic (CyberSec2012)","Kuala Lumpur, Malaysia",2012-06-26 00:00:00,2012-04-30 00:00:00,2012-05-15 00:00:00
59,The Second International Conference on E-Technologies and Business on the Web (EBW2014),"Kuala Lumpur, Malaysia",2014-03-18 00:00:00,2014-02-18 00:00:00,2014-03-04 00:00:00
100,"The 2015 International Conference on Foundations
                      of Computer Science","Monte Carlo Resort, Las Vegas",2015-07-27 00:00:00,2015-03-31 00:00:00,2015-04-24 00:00:00
101,The 2015 International Conference on Frontiers in Education: Computer Science and Computer Engineering,"Monte Carlo Resort, Las Vegas",2015-07-27 00:00:00,2015-03-31 00:00:00,2015-04-24 00:00:00
102,The 2015 International Conference on Grid & Cloud Computing and Applications,"Monte Carlo Resort, Las Vegas",2015-07-27 00:00:00,2015-03-31 00:00:00,2015-04-24 00:00:00
103,The 2015 International Conference on Health Informatics and Medical Systems,"Monte Carlo Resort, Las Vegas",2015-07-27 00:00:00,2015-03-31 00:00:00,2015-06-14 00:00:00
104,The 2015 International Conference on Health Informatics and Medical Systems,"Monte Carlo Resort, Las Vegas",2015-07-27 00:00:00,2015-03-31 00:00:00,2015-06-14 00:00:00
105,The 2015 International Conference on Health Informatics and Medical Systems,"Monte Carlo Resort, Las Vegas",2015-07-27 00:00:00,2015-03-31 00:00:00,2015-04-24 00:00:00
106,"The 2015 International Conference on Image Processing, Computer Vision, and Pattern Recognition","Monte Carlo Resort, Las Vegas",2015-07-27 00:00:00,2015-03-31 00:00:00,2015-06-14 00:00:00
107,"The 2015 International Conference on Image Processing,  Computer Vision, and Pattern Recognition","Monte Carlo Resort, Las Vegas",2015-07-27 00:00:00,2015-03-31 00:00:00,2015-04-24 00:00:00
108,"The 2015 International Conference on Image Processing, Computer Vision, and Pattern Recognition","Monte Carlo Resort, Las Vegas",2015-07-27 00:00:00,2015-03-31 00:00:00,2015-04-24 00:00:00
109,The 2015 International Conference on Information and Knowledge Engineering,"Monte Carlo Resort, Las Vegas",2015-07-27 00:00:00,2015-03-31 00:00:00,2015-04-24 00:00:00
110,"The 2015 International Conference on Internet Computing and Big Data
","Monte Carlo Resort, Las Vegas",2015-07-27 00:00:00,2015-03-31 00:00:00,2015-04-24 00:00:00
111,"The 2015 International Conference on Modeling, Simulation and Visualization Methods","Monte Carlo Resort, Las Vegas",2015-07-27 00:00:00,2015-03-31 00:00:00,2015-04-24 00:00:00
112,The 2015 International Conference on Parallel and Distributed Processing Techniques and Applications,"Monte Carlo Resort, Las Vegas",2015-07-27 00:00:00,2015-03-31 00:00:00,2015-04-24 00:00:00
113,"The 2015 International Conference on Parallel and Distributed Processing Techniques and Applications
","Monte Carlo Resort, Las Vegas",2015-07-27 00:00:00,2015-03-31 00:00:00,2015-04-24 00:00:00
114,The 2015 International Conference on Parallel and Distributed Processing Techniques and Applications,"Monte Carlo Resort, Las Vegas",2015-07-27 00:00:00,2015-03-31 00:00:00,2015-06-14 00:00:00
115,The 2015 International Conference on Parallel and Distributed Processing Techniques and Applications,"Monte Carlo Resort, Las Vegas",2015-07-27 00:00:00,2015-04-15 00:00:00,2015-04-30 00:00:00
116,The 2015 International Conference on Scientific Computing,"Monte Carlo Resort, Las Vegas",2015-07-27 00:00:00,2015-03-31 00:00:00,2015-06-14 00:00:00
117,The 2015 International Conference on Security and Management,Las Vegas,2015-07-27 00:00:00,2015-03-31 00:00:00,2015-04-24 00:00:00
118,The 2015 International Conference on Software Engineering Research and Practice,"Monte Carlo Resort, Las Vegas",2015-07-27 00:00:00,2015-03-31 00:00:00,2015-04-24 00:00:00
119,The 2015 International Conference on Wireless Networks,"Monte Carlo Resort, Las Vegas",2015-07-27 00:00:00,2015-03-31 00:00:00,2015-06-14 00:00:00
480,The 2015 International Conference on Artificial Intelligence,"Las Vegas, USA",2015-07-27 00:00:00,2015-05-31 00:00:00,2015-06-14 00:00:00
482,"The Second International Conference on Electrical, Electronics, Computer Engineering and their Applications ","Manila, Philippines",2015-02-12 00:00:00,2015-01-25 00:00:00,2015-01-28 00:00:00
484,Computing Conference 2020,"London, UK",2020-07-16 00:00:00,2019-11-01 00:00:00,2019-11-15 00:00:00
485,Computing Conference 2020,"London, UK",2020-07-16 00:00:00,2019-11-01 00:00:00,2019-11-15 00:00:00
489,Global Journal of Engineering Science and Research Management,2019-08-08 00:00:00,2019-08-05 00:00:00,2019-08-10 00:00:00,Journal not event
490,"National Conference on Future Dimensions in Science, Technology & Engineering","Bikaner, India",2019-12-07 00:00:00,2019-11-07 00:00:00,2019-11-12 00:00:00
494,Journal of Multidisciplinary Engineering Science and Technology,2019-05-25 00:00:00,2019-05-25 00:00:00,2019-05-31 00:00:00,Journal not event
498,Joint International Conference,"Zurich, Switzerland ",2013-10-12 00:00:00,2013-08-12 00:00:00,correction of 497
499,Joint International Conference,"Zurich, Switzerland ",2013-10-12 00:00:00,2013-08-12 00:00:00,duplicate of 498
322,"The International Conference on Information System Security, Robotics Modeling, and E-Commerce Transactions (ISSRMET2015) & The International Conference on Organizational Strategy, Business Models, and Risk Management (OSBMRM2015)","Dubai, UAE",2015-03-04 00:00:00,"Feburary 10, 2015",2015-02-25 00:00:00,"""Last day for Registration"" and two conferences"
323,The 6th International Symposium on Engineering and Natural Sciences,"Bangkok, Thailand",2019-11-19 00:00:00,2019-07-25 00:00:00,2019-08-15 00:00:00
324,"8th Annual International Conference on Computer Games, Multimedia and Allied Technology (CGAT 2015)",Not Listed,2015-04-13 00:00:00,2014-12-12 00:00:00,2015-03-13 00:00:00,"Different date format, registration deadline not notification"
325,"8th Annual International Conference on Computer Games, Multimedia and Allied Technology (CGAT 2015)",Not Listed,2015-04-13 00:00:00,2015-01-30 00:00:00,2015-03-13 00:00:00,"Different date format, registration deadline not notification"
326,"The International Conference on Digital Information, Networking, and Wireless Communications (DINWC2014) & International Conference on Digital Security and Forensics (DigitalSec2014)","Ostrava, Czech Republic",2014-06-24 00:00:00,2014-05-04 00:00:00,2014-06-04 00:00:00
327,The Second International Conference on Digital Enterprise and Information Systems (DEIS 2013),"Kuala Lumpur, Malaysia",2013-03-04 00:00:00,2013-01-03 00:00:00,N/a,"Only ""deadline"" and implied submission"
328,The Second International Conference on Digital Enterprise and Information Systems (DEIS 2013),"Kuala Lumpur, Malaysia",2013-03-04 00:00:00,2013-01-03 00:00:00,N/a,"Only ""deadline"" and implied submission"
329,The International Conference on Computing Technology and Information Management (ICCTIM2014),"Dubai, UAE",2014-04-09 00:00:00,2014-03-10 00:00:00,2014-03-20 00:00:00
330,"The First International Conference on Green Computing, Technology and Innovation (ICGCTI2013)","Kuala Lumpur, Malaysia",2013-03-04 00:00:00,2013-02-03 00:00:00,"Februray 13, 2013",Doesn't explictly say notification date.
331,2019 Tenth International Green and Sustainable Computing Conference (IGSC),"Alexandria, Virginia",2019-10-21 00:00:00,N/a,N/a,No 
332,Ireland International Conference on Education (IICE-2014),"Dublin, Ireland",2014-10-27 00:00:00,2014-09-11 00:00:00,N/a,Does not say year in the conference dates at the top. No notification date. Multiple registration dates
334,Canada International Conference on Education (CICE-2014),"Nova Scotia, Canada",2014-06-16 00:00:00,2014-04-30 00:00:00,2014-03-30 00:00:00
335,Ireland International Conference on Education (IICE-2015),"Dublin, Ireland",2015-04-20 00:00:00,2015-01-30 00:00:00,2015-02-15 00:00:00,Multiple submission and notification dates!!
336,World Congress on Education (WCE-2014)!,"London, United Kingdom",2014-11-10 00:00:00,2014-08-31 00:00:00,2014-09-15 00:00:00
337,World Congress on Education (WCE-2014),"Nelspruit, Pretoria, South Africa",2014-09-15 00:00:00,2014-06-01 00:00:00,2014-06-15 00:00:00
339,9th INTERNATIONAL CONFERENCE ON COMMUNICATION AND SIGNAL PROCESSING ,"Melmaruvathur, India",2020-04-09 00:00:00,2019-09-09 00:00:00,"None listed, but some registration dates"
431,The Second International Conference on e-Technologies and Networks for Development,"Kuala Lumpur, Malaysia",2013-03-04 00:00:00,2012-12-15 00:00:00,2013-01-01 00:00:00
432,The Second World Congress on Computing and Information Technology,"Kuala Lumpur, Malaysia",2014-03-18 00:00:00,2014-02-18 00:00:00,2014-03-04 00:00:00
433,The International Conference on Computing Technology and Information Management,"Dubai, UAE",2014-04-09 00:00:00,2014-03-10 00:00:00,2014-03-20 00:00:00
435,The Fourth International Conference on Digital Information and Communication Technology and its Applications,"Bangkok, Thailand",2014-05-06 00:00:00,2014-04-06 00:00:00,2014-04-15 00:00:00
437,SAM'15,"Las Vegas, USA",2015-07-27 00:00:00,2015-05-31 00:00:00,2015-06-14 00:00:00
280,The 2013 International Conference on Wireless Networks,"Las Vegas, USA",2013-03-18 00:00:00,2013-04-18 00:00:00,2013-07-22
281,"The 2013 International Conference on e-Learning, e-Business, Enterprise Information Systems, and e-Government","Las Vegas, USA",2013-04-20 00:00:00,2013-05-11 00:00:00,2013-07-22
282,"The 2013 International Conference on e-Learning, e-Business, Enterprise Information Systems, and e-Government","Las Vegas, USA",2013-04-06 00:00:00,2013-04-27 00:00:00,2013-07-22
283,"The 2013 World Congress in Computer Science, Computer Engineering, and Applied Computing","Las Vegas, USA",2013-04-06 00:00:00,2013-04-27 00:00:00,2013-07-22
284,"The 2013 World Congress in Computer Science, Computer Engineering, and Applied Computing","Las Vegas, USA",2013-04-06 00:00:00,2013-04-27 00:00:00,2013-07-22
285,"The 2013 World Congress in Computer Science, Computer Engineering, and Applied Computing","Las Vegas, USA",2013-03-18 00:00:00,2013-04-18 00:00:00,2013-07-22
286,"The 2015 World Congress in Computer Science, Computer Engineering, and Applied Computing","Las Vegas, USA",2015-04-15 00:00:00,2015-04-30 00:00:00,2015-07-27
287,"The 2015 World Congress in Computer Science, Computer Engineering, and Applied Computing","Las Vegas, USA",2015-03-31 00:00:00,2015-04-24 00:00:00,2015-07-27
288,"The 2015 World Congress in Computer Science, Computer Engineering, and Applied Computing","Las Vegas, USA",2015-03-31 00:00:00,2015-04-24 00:00:00,2015-07-27
289,The 2015 International Conference on Advances in Big Data Analytics,"Las Vegas, USA",2015-03-31 00:00:00,2015-04-24 00:00:00,2015-07-27
290,The 2015 International Conference on Bioinformatics and Computational Biology,"Las Vegas, USA",2015-03-31 00:00:00,2015-04-24 00:00:00,2015-07-27
291,11th International Conference on Data Mining,"Las Vegas, USA",2015-03-31 00:00:00,2015-04-24 00:00:00,2015-07-27
292,"The 2013 International Conference on Image Processing, Computer Vision, and Pattern Recognition","Las Vegas, USA",2013-06-02 00:00:00,2013-06-12 00:00:00,2013-07-22
293,"The 2013 International Conference on Image Processing, Computer Vision, and Pattern Recognition","Las Vegas, USA",2013-06-02 00:00:00,2013-06-12 00:00:00,2013-07-22
294,The 2013 International Conference on Parallel and Distributed Processing Techniques and Applications,"Las Vegas, USA",2013-06-02 00:00:00,2013-06-12 00:00:00,2013-07-22
295,"The 2013 International Conference on e-Learning, e-Business, Enterprise Information Systems, and e-Government","Las Vegas, USA",2013-06-02 00:00:00,2013-06-12 00:00:00,2013-07-22
296,The 2013 International Conference on Artificial Intelligence,"Las Vegas, USA",2013-06-02 00:00:00,2013-06-12 00:00:00,2013-07-22
297,The 2013 International Conference on Bioinformatics and Computational Biology,"Las Vegas, USA",2013-06-02 00:00:00,2013-06-12 00:00:00,2013-07-22
298,The 2013 International Conference on Scientific Computing,"Las Vegas, USA",2013-06-02 00:00:00,2013-06-12 00:00:00,2013-07-22
299,The 2013 International Conference on Grid & Cloud Computing and Applications,"Las Vegas, USA",2013-06-02 00:00:00,2013-06-12 00:00:00,2013-07-22
140,"The 2015 International Conference on Image Processing, Computer Vision, and Pattern Recognition IPCV'15","Las Vegas, USA",2015-03-31 00:00:00,2015-04-24 00:00:00,2015-07-27
141,The 2015 International Conference on Software Engineering Research and Practice SERP'15,"Las Vegas, USA",2015-03-31 00:00:00,2015-04-24 00:00:00,2015-07-27
142,The 2015 International Conference on Grid & Cloud Computing and Applications,"Las Vegas, USA",2015-03-31 00:00:00,2015-04-24 00:00:00,2015-07-27
143,The 2015 International Conference on Software Engineering Research and Practice,"Las Vegas, USA",2015-03-31 00:00:00,2015-04-24 00:00:00,2015-07-27
144,The 2015 International Congress on Scientific Computing,"Las Vegas, USA",2015-03-31 00:00:00,2015-04-24 00:00:00,2015-07-27
145,"The 2015 World Congress in Computer Science, Computer Engineering, and Applied Computing WORLDCOMP'15","Las Vegas, USA",2015-03-31 00:00:00,2015-04-24 00:00:00,2015-07-27
146,"The 2015 World Congress in Computer Science, Computer Engineering, and Applied Computing WORLDCOMP'15","Las Vegas, USA",2015-03-31 00:00:00,2015-04-24 00:00:00,2015-07-27
147,The 2015 International Conference on Frontiers in Education: Computer Science and Computer Engineering,"Las Vegas, USA",2015-05-31 00:00:00,2020-06-14 00:00:00,2015-07-27
148,The 2015 International Conference on Frontiers in Education: Computer Science and Computer Engineering,"Las Vegas, USA",2015-05-31 00:00:00,2020-06-14 00:00:00,2015-07-27
149,"The 2015 International Conference on Image Processing, Computer Vision, and Pattern Recognition IPCV'15","Las Vegas, USA",2015-05-31 00:00:00,2020-06-14 00:00:00,2015-07-27
150,The 2015 International Conference on Parallel and Distributed Processing Techniques and Applications,"Las Vegas, USA",2015-05-31 00:00:00,2020-06-14 00:00:00,2015-07-27
151,The 2015 International Conference on Software Engineering Research and Practice SERP'15,"Las Vegas, USA",2015-05-31 00:00:00,2015-06-14 00:00:00,2015-07-27
152,The 2015 International Conference on Artificial Intelligence ICAI'15,"Las Vegas, USA",2015-05-31 00:00:00,2015-06-14 00:00:00,2015-07-27
153,The 2015 Conference on Artificial Intelligence ICAI'15,"Las Vegas, USA",2015-05-31 00:00:00,2015-06-14 00:00:00,2015-07-27
154,The 2015 International Conference on Internet Computing and Big Data (ICOMP'15),"Las Vegas, USA",2015-05-31 00:00:00,2015-06-14 00:00:00,2015-07-27
155,"The 2015 International Conference on Modeling, Simulation and Visualizsation Methods MSV'15","Las Vegas, USA",2015-05-31 00:00:00,2015-06-14 00:00:00,2015-07-27
156,"The 2015 World Congress in Computer Science, Computer Engineering, and Applied Computing WORLDCOMP'15","Las Vegas, USA",2015-05-31 00:00:00,2015-06-14 00:00:00,2015-07-27
158,The 2015 International Conference on Grid & Cloud Computing and Applications (GCS'15),"Las Vegas, USA",2015-05-31 00:00:00,2015-06-14 00:00:00,2015-07-27
159,"The 2015 International Conference on Image Processing, Computer Vision, and Pattern Recognition IPCV'15","Las Vegas, USA",2015-04-15 00:00:00,2015-04-30 00:00:00,2015-07-27
300,The 2013 International Conference on Security and Management,"Las Vegas, Nevada",2013-07-22 00:00:00,2013-06-02 00:00:00,2013-06-12 00:00:00
301,MSV'13,"Las Vegas, Nevada",2013-07-22 00:00:00,2013-06-02 00:00:00,2013-06-12 00:00:00
302,IKE'13,"Las Vegas, Nevada",2013-07-22 00:00:00,2013-06-02 00:00:00,2013-06-12 00:00:00
303,The 2013 International Conference on Internet Computing and BIG DATA,"Las Vegas, Nevada",2013-07-22 00:00:00,2013-06-02 00:00:00,2013-06-12 00:00:00
304,FECS'13,"Las Vegas, Nevada",2013-07-22 00:00:00,2013-06-02 00:00:00,2013-06-12 00:00:00
305,SERP'13,"Las Vegas, Nevada",2013-07-22 00:00:00,2013-06-02 00:00:00,2013-06-12 00:00:00
306,ICWN'13,"Las Vegas, Nevada",2013-07-22 00:00:00,2013-06-02 00:00:00,2013-06-12 00:00:00
311,"2nd International Conference on Electrical, Communication and Computer Engineering","Istanbul, Turkey",2020-04-14 00:00:00,"Janurary 15, 2020","Feburary 15, 2020"
313,8th International Conference on Advanced Technologies,Sarajevo Bosnia and Herzegovina,2019-08-26 00:00:00,2019-06-30 00:00:00,Notification period is within 10 days after submission
316,"The International Conference on Technological Advances in Electrical, Electronics and Computer Engineering
","Konya, Turkey",2013-05-09 00:00:00,2013-03-20 00:00:00,2013-04-20 00:00:00,April 20th or before
317,"The International Conference on Technological Advances in Electrical, Electronics and Computer Engineering
","Konya, Turkey",2013-05-09 00:00:00,2013-03-20 00:00:00,2013-04-20 00:00:00,April 20th or before
160,"The 2015 International Conference on e-Learning, e-Business, Enterprise Information Systems, and e-Government","Las Vegas, USA",2015-07-27 00:00:00,2015-05-31 00:00:00,2015-06-14 00:00:00,Can get most info from email header
161,The 2015 Int'l Conference on Artificial Intelligence ,"Las Vegas, USA",2015-07-27 00:00:00,2015-04-15 00:00:00,2015-04-30 00:00:00
162,The 2015 Int'l Conference on Security & Management,"Las Vegas, USA",2015-07-27 00:00:00,2015-04-15 00:00:00,2015-04-30 00:00:00
163,The 2015 Int'l Conference on Software Engineering Research & Practice,"Las Vegas, USA",2015-07-27 00:00:00,2015-04-15 00:00:00,2015-04-30 00:00:00
164,The 2015 Int'l Conference on Wireless Networks,"Las Vegas, USA",2015-07-27 00:00:00,2015-04-15 00:00:00,2015-04-30 00:00:00
165,The 2015 International Conf on Advances in Big Data Analytics ,"Las Vegas, USA",2015-07-27 00:00:00,2015-04-15 00:00:00,2015-04-30 00:00:00
166,"The 2015 World Congress in CS, CE, & Applied Computing","Las Vegas, USA",2015-07-27 00:00:00,2015-05-31 00:00:00,2015-06-14 00:00:00
167,The 2nd World Symposium on Communication Engineering ,"Nagoya, Japan",2019-12-20 00:00:00,2019-07-15 00:00:00,2019-08-15 00:00:00,"Breaks cycle of helpful heading, need better pattern matches"
168,The Second World Congress on Computing and Information Technology,"Kuala Lumpur, Malaysia",2014-03-18 00:00:00,2014-02-18 00:00:00,2014-03-04 00:00:00
169,The Second World Congress on Computing and Information Technology,"Kuala Lumpur, Malaysia",2014-03-18 00:00:00,2014-02-18 00:00:00,2014-03-04 00:00:00,"Same detail as above, but way worse to parse through"
177,The 2014 International Conference on Scientific Computing,"Las Vegas, USA",2014-07-21 00:00:00,2014-04-19 00:00:00,2014-05-10 00:00:00
178,The 2014 International Conference on Scientific Computing,"Las Vegas, USA",2014-07-21 00:00:00,2014-04-19 00:00:00,2014-05-10 00:00:00,Copy pasta of above
179,The 2014 International Conference on Frontiers in Education: Computer Science and Computer Engineering,"Las Vegas, USA",2014-07-21 00:00:00,2014-04-19 00:00:00,2014-05-10 00:00:00,Different but also the same...
0,The International Conference on Computing,"Dubai, UAE ",2014-04-09 00:00:00,"March 20, 2014","March 25, 2014"
1,"The First International Conference on Green Computing, Technology and Innovation",Malaysia,2013-03-04 00:00:00,"December 15, 2012","January 1, 2013"
2,2016 IEEE World Congress on Computational Intelligence,"Vancouver, Canada",2016-07-25 00:00:00,"January 15, 2016","March 15, 2016"
5,2019 IEEE International Symposium on Technology and Society,Boston,2019-11-15 00:00:00,"August 16, 2019","September 16, 2019"
7,2020 AI Conference,"Taipei, Taiwan",2020-06-01 00:00:00,"February 5, 2020","February 19, 2020"
12,9th International Congress on Natural Science and Engineering,"Nagoya, Japan",2020-01-20 00:00:00,"October 23, 2019","October 15, 2019"
13,7th Annual Conference on Engineering and Information Technology,"Osaka, Japan",2020-03-24 00:00:00,"December 15, 2019","December 24, 2019"
16,AAAI-15 AI Open House,"Austin, Texas",2015-01-26 00:00:00,"November 9, 2014","November 10, 2014"
460,The Second International Conference on Digital Information and Communication Technology and its Applications (DICTAP2012),"University of the Thai Chamber of Commerce(UTCC), Bangkok Thailand","May 16-18, 2012",2012-03-17 00:00:00,2012-04-05 00:00:00
461,"The Third International Conference on Digital Information, Networking, and Wireless Communications (DINWC2015)","Moscow, Russia","Feb. 3-5, 2015",2015-01-06 00:00:00,2015-01-27 00:00:00
462,International Conference on Digital Security and Forensics (DigitalSec2014),"Ostrava, Czech Republic","June 24- 26, 2014",2014-05-25 00:00:00,2014-06-05 00:00:00
463,The Third International Conference on E-Technologies and Business on the Web (EBW2015),"ESG Management School, Paris, France","March 26-28, 2015",2015-02-28 00:00:00,"Feb 12, 2015 March 08, 2015"
465,The Global Technology Management Conference (GTMC2015),"Bemidji State University, Minnesota, USA","July 15 - 17, 2015",2015-06-25 00:00:00,"June 28-30, 2015"
466,The Society of Digital Information and Wireless Communications (SDIWC),"Universiti Tun Hussein Onn Malaysia, Malaysia","April 21- 23, 2015",2015-03-23 00:00:00,2015-03-05 00:00:00
468,The Second International Conference on Informatics Engineering & Information Science (ICIEIS2013) ,"Universiti Teknologi Malaysia, Kuala Lumpur, Malaysia","Nov. 12-14, 2013",2013-10-25 00:00:00,2013-10-30 00:00:00
469,The Second International Conference on Education Technologies and Computers (ICETC2015),"University of the Thai Chamber of Commerce,  Bangkok, Thailand","May 20-22, 2015",2015-04-20 00:00:00,"May 4-11, 2015"
470,2015 IEEE The Second International Conference on Education Technologies and Computers (ICETC2015),"University of the Thai Chamber of Commerce, Bangkok, Thailand","May 20-22, 2015",2015-05-01 00:00:00,2015-05-05 00:00:00
471,The Third International Conference on Digital Information Processing and Communications(ICDIPC2013),"Dubai, UAE","Jan. 30, 2013 - Feb. 1, 2013. ",2013-01-05 00:00:00,2013-01-10 00:00:00
472,The International Conference on E-Technologies and Business on the Web (EBW2013),"University of the Thai Chamber of Commerce, Bangkok, Thailand ","May 7-9, 2013",2013-03-30 00:00:00,2013-04-20 00:00:00
473,"The Fifth International Conference on Digital Information and Communication Technology and its Applications (DICTAP2015) & The Third International Conference on Technological Advances in Electrical, Electronics and Computer Engineering (TAEECE2015)","Faculty of Engineering - Lebanese University, Lebanon","April 29 - May 01, 2015",2015-04-07 00:00:00,2015-04-12 00:00:00
475,The 2015 International Conference on Health Informatics and Medical Systems,"Monte Carlo Resort, Las Vegas, USA","July 27-30, 2015",2015-05-31 00:00:00,2015-06-14 00:00:00
476,"The 2015 International Conference on Image Processing, Computer Vision, and Pattern Recognition (IPCV'15)","Monte Carlo Resort, Las Vegas, USA","July 27-30, 2015",2015-05-31 00:00:00,2015-06-14 00:00:00
477,The 2015 International Conference on Wireless Networks (ICWN'15),"Monte Carlo Resort, Las Vegas, USA","July 27-30, 2015",2015-05-31 00:00:00,2015-06-14 00:00:00
478,The 2015 International Conference on Frontiers in Education: Computer Science and Computer Engineering (FECS'15),"Monte Carlo Resort, Las Vegas, USA","July 27-30, 2015",2015-05-31 00:00:00,2015-06-14 00:00:00
479,The 2015 International Conference on Parallel and Distributed Processing Techniques and Applications (PDPTA'15),"Monte Carlo Resort, Las Vegas, USA","July 27-30, 2015",2015-05-31 00:00:00,2015-06-14 00:00:00
61,The Third International Conference on Digital Information and Communication Technology and its Applications (DICTAP2013),"Ostrava, Czech Republic",2013-07-08 00:00:00,2013-05-10 00:00:00,2013-06-07 00:00:00
62,3rd ICEEE2014,"Kuala Lumpur, Malaysia",2014-03-18 00:00:00,2014-02-18 00:00:00,2014-03-04 00:00:00
63,The Fourth International Conference on Digital Information and Communication Technology and its Applications (DICTAP2014),"Bangkok, Thailand",2014-05-06 00:00:00,2014-04-06 00:00:00,2014-04-15 00:00:00
64,BIOCOMP'19,"Las Vegas, USA",2019-07-19 00:00:00,2019-06-20 00:00:00,2019-06-27 00:00:00
65,The 2015 International Conference on Parallel and Distributed Processing Techniques and Applications,"Las Vegas, USA",2015-07-27 00:00:00,2015-03-31 00:00:00,2015-04-24 00:00:00
70,"The International Conference on Digital Information Processing, E-Business and Cloud Computing (DIPECC 2013)","Dubai, UAE",2013-10-23 00:00:00,2013-09-01 00:00:00,2013-09-15 00:00:00
71,"The International Conference on Digital Information Processing, E-Business and Cloud Computing (DIPECC2013)","Dubai, UAE",2013-10-23 00:00:00,2013-10-15 00:00:00,2013-10-18 00:00:00
72,International Conference on Digital Security and Forensics (DigitalSec2014),"Ostrava, Czech Republic",2014-06-24 00:00:00,2014-05-25 00:00:00,2014-06-05 00:00:00
74,The Second International Conference on e-Technologies and Networks for Development (ICeND 2013),Malaysia,2013-03-04 00:00:00,2012-12-15 00:00:00,2013-01-01 00:00:00
75,The Second International Conference on Informatics Engineering & Information Science (ICIEIS2013),"Kuala Lumpur, Malaysia",2013-11-12 00:00:00,2013-10-12 00:00:00,2013-10-30 00:00:00
76,The Second International Conference on Informatics Engineering & Information Science (ICIEIS2013),"Kuala Lumpur, Malaysia",2013-11-12 00:00:00,2013-10-12 00:00:00,2013-10-22 00:00:00
77,The Second International Conference on Digital Information and Communication Technology and its Applications,"Bangkok, Thailand",2012-05-16 00:00:00,2012-03-10 00:00:00,2012-10-22 00:00:00
78,CSCI-ISAI: International Symposium on ARTIFICIAL INTELLIGENCE,"Las Vegas, USA",2019-12-05 00:00:00,2019-10-21 00:00:00,2019-10-28 00:00:00
79,CSCI-ISAI: Int'l Symp. on Symposium on ARTIFICIAL INTELLIGENCE,"Bangkok, Thailand",2012-05-16 00:00:00,2012-03-10 00:00:00,2012-04-01 00:00:00
